alumno_id,first_name,last_name,birthday,street_address,city,state,phone
1,Alejandro,Rosalez,2000/12/12,123 Main St.,Any Town,MD,301-555-0158
2,Jane,Doe,2004/10/05,456 State St.,Anywhere,WA,360-555-0163
3,John,Stiles,2006/09/20,1980 8th St.,Nowhere,NY,914-555-0122
4,Li,Juan,2001/06/29,1323 22nd Ave.,Anytown,NY,914-555-0149
5,Jeanette,Lawrence,2001/02/23,3467 Clark Estate,Michaelberg,MA,437-104-7046
6,David,Lyons,2005/06/23,69512 King Road,West Kellytown,CA,001-066-838-4285
7,Nicolas,Garcia,2002/04/24,025 Jason Valley,Mcclureview,NM,629-221-9150
8,Carlos,Sparks,2005/11/18,3208 Jason Corner,Burnettport,RI,579-4467
9,Marta,Obrien,2004/04/28,224 Keith Roads,South Matthewfort,OH,138-298-4220