{
  "tenant_id": "PLAZA_VEA",
  "pedido_id": 4,
  "pedido_datos": {	
    "cliente_id": "pontaneda@gmail.com",
    "fecha_compra": "2024-06-01T17:35:15Z",
    "items": [
      {
        "item_id": "001",
        "product_name": "Pollo",
        "quantity": 3,
        "price": "48.99"
      },
      {
        "item_id": "002",
        "product_name": "Carne",
        "quantity": 2,
        "price": "60.35"
      }
    ],
    "direccion_entrega": {
      "calle": "Alcanfores 300",
      "distrito": "San Isidro",
      "provincia": "Lima",  	
      "pais": "Perú"
    }
  }
}